{
    "Astapor": [
        16.74142754700361,
        36.23291015625001
    ],
    "Away from the Twins": [
        42.334184385939416,
        -35.79345703125001
    ],
    "Battlefield": [
        38.54029359879115,
        -31.813513616913042
    ],
    "Bear Island": [
        55.94919982336746,
        -40.95703125000001
    ],
    "Blackwater Bay": [
        34.099177480063375,
        -23.157552410626494
    ],
    "Blackwater Rush": [
        33.028446837563955,
        -22.854147584839136
    ],
    "Braavos": [
        44.11914151643737,
        -9.129638671875002
    ],
    "Camp of the North": [
        39.758220496230834,
        -42.78962937333824
    ],
    "Casterly Rock": [
        35.15584570226544,
        -45.86791992187501
    ],
    "Castle Black": [
        57.961503094284794,
        -28.146972656250004
    ],
    "Castle Stokeworth": [
        34.42503613021334,
        -25.971679687500004
    ],
    "Cave Outside Wildling Camp": [
        64.11232780638022,
        -36.93392654922843
    ],
    "Coast of the Vale": [
        39.110359052249976,
        -20.105656810059482
    ],
    "Craster's Keep": [
        58.636474704994214,
        -29.93174678846553
    ],
    "Crossroads Inn": [
        38.92522904714054,
        -29.970703125000004
    ],
    "Deepwood Motte": [
        54.53824614487518,
        -39.03557822363203
    ],
    "Destroyed Cabin": [
        62.07411637564185,
        -37.49717880690863
    ],
    "Dorne": [
        21.70964596330922,
        -31.207442913138557
    ],
    "Dothraki Camp": [
        35.45585094324406,
        44.69647650490575
    ],
    "Dragonstone": [
        36.04021586880114,
        -19.995117187500004
    ],
    "East to King's Landing": [
        33.687781758439364,
        -27.180175781250004
    ],
    "Eastern Road": [
        40.43858586704331,
        -26.510009765625004
    ],
    "Eastwatch": [
        57.94984494826029,
        -25.345458984375004
    ],
    "Fist of the First Men": [
        59.441871059844566,
        -33.174611218363374
    ],
    "Forest": [
        36.35858006843077,
        -33.56255320086373
    ],
    "Frostfang Mountains": [
        60.98907780349298,
        -40.868314086963395
    ],
    "Hardhome": [
        59.63815945405098,
        -23.871446118361465
    ],
    "Harrenhal": [
        37.57941251343841,
        -30.256347656250004
    ],
    "Highgarden": [
        27.332735136859146,
        -41.18774414062501
    ],
    "Hollow Hill": [
        36.491973470593685,
        -34.91455078125001
    ],
    "Horn Hill": [
        25.70093788144429,
        -41.22070312500001
    ],
    "Inn": [
        40.971603532799115,
        -23.763427734375004
    ],
    "King's Landing": [
        11.444221024134391,
        68.934735887185
    ],
    "Lannister Camp": [
        35.17112103741679,
        -42.95025545757862
    ],
    "Last Hearth": [
        55.741017190001315,
        -27.637235426663448
    ],
    "Lhazareen Village": [
        21.250998930747183,
        48.63953725389508
    ],
    "Lordsport": [
        40.538851525354666,
        -45.296630859375
    ],
    "Meereen": [
        23.372516807629594,
        40.27586527702913
    ],
    "Moat Cailin": [
        47.4930301935813,
        -33.276995717769736
    ],
    "Mole's Town": [
        57.82720544890439,
        -27.850341796875
    ],
    "Near Nightfort": [
        57.955674494979526,
        -29.772949218750004
    ],
    "Nightfort": [
        57.95567446122079,
        -29.586181633058597
    ],
    "Nightswatch March South": [
        57.539416794474995,
        -28.267822265625004
    ],
    "North to the Red Fork": [
        39.96371505977243,
        -33.90165271203784
    ],
    "North to the Wall": [
        58.31418232445727,
        -30.451540769785186
    ],
    "Oldtown": [
        23.53377298325595,
        -45.79101562500001
    ],
    "Oxcross": [
        36.730079507078415,
        -42.275390625
    ],
    "Pentos": [
        33.770015152780154,
        -9.206542968750002
    ],
    "Pentos to Volantis": [
        26.99879517472188,
        1.0030700622206412
    ],
    "Pyke": [
        40.3549167507906,
        -45.38452148437501
    ],
    "Qarth": [
        11.444221024134391,
        68.934735887185
    ],
    "Red Fork": [
        39.402244340292775,
        -33.77197265625001
    ],
    "Riverrun": [
        38.96795115401593,
        -36.19995117187501
    ],
    "Runestone": [
        40.53050177574321,
        -18.424072265625004
    ],
    "Slaver's Bay": [
        19.320282903430797,
        31.243681008353956
    ],
    "South to King's Landing": [
        32.21280106801518,
        -27.993164062500004
    ],
    "South to the Wall": [
        56.01134145708745,
        -28.422518505171904
    ],
    "Stannis Baratheon's Camp": [
        48.05675076643107,
        -33.169911661609476
    ],
    "Storm's End": [
        28.998531814051795,
        -21.774902343750004
    ],
    "Tarth": [
        30.021543509740027,
        -18.160400390625004
    ],
    "The Desert": [
        18.552418626805686,
        63.107091031436745
    ],
    "The Dothraki Sea": [
        30.467378530124755,
        53.59039834497089
    ],
    "The Dreadfort": [
        52.994950270267985,
        -25.740966796875004
    ],
    "The Eyrie": [
        41.0130657870063,
        -25.334472656250004
    ],
    "The Gift": [
        57.79208872276922,
        -28.509521484375004
    ],
    "The Haunted Forest": [
        59.9248193214359,
        -31.526356793682382
    ],
    "The Kingsroad": [
        37.82280243352759,
        -29.113769531250004
    ],
    "The Kingsroad South to King's Landing": [
        32.11049589629439,
        -25.806884765625004
    ],
    "The Kingswood": [
        31.397731941609184,
        -26.423616123513987
    ],
    "The Lands of Always Winter": [
        65.78132854723025,
        -37.49717880690863
    ],
    "The Narrow Sea": [
        33.05987207809214,
        -15.261241354725884
    ],
    "The Neck": [
        45.48169000347346,
        -35.16928429837929
    ],
    "The Red Waste": [
        19.74192396441297,
        63.40980121820357
    ],
    "The Shivering Sea": [
        52.66042124102859,
        21.235408372445008
    ],
    "The Summer Sea": [
        4.779144696538735,
        53.67141389411408
    ],
    "The Sunset Sea": [
        54.36020301976124,
        -58.438400624922046
    ],
    "The Three-Eyed Raven": [
        61.12303360746139,
        -31.784903225906863
    ],
    "The Twins": [
        42.68243539838623,
        -34.92553710937501
    ],
    "The Vale": [
        40.086716270898066,
        -24.228392972228953
    ],
    "The Wall": [
        57.95573780045276,
        -28.725923330959287
    ],
    "The Water Gardens": [
        19.91138351415555,
        -19.072265625000004
    ],
    "The Wolfswood": [
        52.806295892567384,
        -39.979915542789804
    ],
    "The Woods": [
        32.262032320153025,
        -24.335477028389207
    ],
    "Top of the Wall": [
        57.974671481123224,
        -28.172655707464678
    ],
    "Tower of Joy": [
        24.920367426180718,
        -35.49006621174816
    ],
    "Vaes Dothrak": [
        36.712467243386264,
        59.32617187500001
    ],
    "Valyria": [
        8.265855052877221,
        18.951416015625004
    ],
    "Village": [
        38.860648540997204,
        -32.38462858310102
    ],
    "Volantis": [
        19.738895166726763,
        8.985511780140657
    ],
    "Volantis to Valyria": [
        17.366486865147575,
        16.573175574614307
    ],
    "Wildling Camp": [
        60.85588028670627,
        -33.961786818682555
    ],
    "Wildlings March South": [
        57.87379082804646,
        -28.656050395326435
    ],
    "Winter Town": [
        51.95392481042375,
        -31.974139701153405
    ],
    "Winterfell": [
        52.35547370875268,
        -34.02465820312501
    ],